feature,importance_mean,importance_std
screen_time,0.26,0.08246211251235323
night_usage,0.23800000000000002,0.09303762679690407
social_media_hours,0.20799999999999996,0.0730479294709987
stress_level,0.204,0.054626001134990644
gaming_hours,0.19000000000000003,0.08602325267042625
self_control,0.07200000000000002,0.03187475490101843
anxiety_score,0.07200000000000001,0.05306599664568639
phone_unlocks,0.0,0.0
notifications,0.0,0.0
sleep_quality,0.0,0.0
loneliness,0.0,0.0
